{
  "level_number": 1,
  "name": "Level 1",
  "difficulty": 1,
  "alien_groups": [
    {
      "alien_type": "alien_03_small_02",
      "count": 8,
      "formation": "wave",
      "spacing": 14.4,
      "entry_point": "top_left",
      "path": [
        {
          "x": 0.2,
          "y": 0.1,
          "wait_time": 0,
          "shoot": false
        },
        {
          "x": 0.49674164018713285,
          "y": 0.331713897588829,
          "wait_time": 1.8041448349097036,
          "shoot": true
        },
        {
          "x": 0.15194560228604495,
          "y": 0.46516182053138194,
          "wait_time": 1.8037147442597483,
          "shoot": true
        },
        {
          "x": 0.5341149651000741,
          "y": 0.1,
          "wait_time": 0,
          "shoot": false
        }
      ],
      "movement_pattern": "wave",
      "speed": 2.2086197405101635,
      "life": 1,
      "shoot_interval": 2.708472714743134,
      "group_behavior": false
    }
  ],
  "boss_data": null,
  "background_speed": 1.0,
  "music_track": "level1.mp3",
  "special_effects": [],
  "power_up_frequency": 0.2,
  "minimum_clear_time": 30.0
}