{
  "level_number": 9,
  "name": "Level 9",
  "difficulty": 1,
  "alien_groups": [
    {
      "alien_type": "alien_02_large_01",
      "count": 6,
      "formation": "v",
      "spacing": 19.2,
      "entry_point": "top_center",
      "path": [
        {
          "x": 0.5,
          "y": 0.1,
          "wait_time": 0,
          "shoot": false
        },
        {
          "x": 0.36893735784254933,
          "y": 0.35589697703272405,
          "wait_time": 0.8180416818593127,
          "shoot": true
        },
        {
          "x": 0.19647308676006273,
          "y": 0.2424417026372052,
          "wait_time": 0.9188679334480543,
          "shoot": false
        },
        {
          "x": 0.3676309842148141,
          "y": 0.1,
          "wait_time": 0,
          "shoot": false
        }
      ],
      "movement_pattern": "swarm",
      "speed": 2.2368874425922396,
      "health": 2,
      "shoot_interval": 2.3476574460688022,
      "group_behavior": true
    }
  ],
  "boss_data": null,
  "background_speed": 1.0,
  "music_track": "level1.mp3",
  "special_effects": [],
  "power_up_frequency": 0.2,
  "minimum_clear_time": 30.0
}